"cell_name","wall_position","mix","H2228_prop","H1975_prop","HCC827_prop","mRNA_amount","group"
"CelSeq2_Mixture_Sample_A1","A1",1,0.33,0.33,0.33,3.75,"0.33_0.33_0.33"
"CelSeq2_Mixture_Sample_A2","A2",1,0.33,0.33,0.33,3.75,"0.33_0.33_0.33"
"CelSeq2_Mixture_Sample_A3","A3",1,0.33,0.33,0.33,3.75,"0.33_0.33_0.33"
"CelSeq2_Mixture_Sample_A4","A4",1,0.33,0.33,0.33,7.5,"0.33_0.33_0.33"
"CelSeq2_Mixture_Sample_A5","A5",1,0.33,0.33,0.33,7.5,"0.33_0.33_0.33"
"CelSeq2_Mixture_Sample_A6","A6",1,0.33,0.33,0.33,7.5,"0.33_0.33_0.33"
"CelSeq2_Mixture_Sample_A7","A7",1,0.33,0.33,0.33,7.5,"0.33_0.33_0.33"
"CelSeq2_Mixture_Sample_A8","A8",1,0.33,0.33,0.33,7.5,"0.33_0.33_0.33"
"CelSeq2_Mixture_Sample_A9","A9",1,0.33,0.33,0.33,7.5,"0.33_0.33_0.33"
"CelSeq2_Mixture_Sample_A10","A10",1,0.33,0.33,0.33,7.5,"0.33_0.33_0.33"
"CelSeq2_Mixture_Sample_A11","A11",1,0.33,0.33,0.33,15,"0.33_0.33_0.33"
"CelSeq2_Mixture_Sample_A12","A12",1,0.33,0.33,0.33,15,"0.33_0.33_0.33"
"CelSeq2_Mixture_Sample_A13","A13",1,0.33,0.33,0.33,15,"0.33_0.33_0.33"
"CelSeq2_Mixture_Sample_A14","A14",1,0.33,0.33,0.33,15,"0.33_0.33_0.33"
"CelSeq2_Mixture_Sample_A15","A15",1,0.33,0.33,0.33,15,"0.33_0.33_0.33"
"CelSeq2_Mixture_Sample_A16","A16",1,0.33,0.33,0.33,15,"0.33_0.33_0.33"
"CelSeq2_Mixture_Sample_A17","A17",1,0.33,0.33,0.33,15,"0.33_0.33_0.33"
"CelSeq2_Mixture_Sample_A18","A18",1,0.33,0.33,0.33,30,"0.33_0.33_0.33"
"CelSeq2_Mixture_Sample_A19","A19",1,0.33,0.33,0.33,30,"0.33_0.33_0.33"
"CelSeq2_Mixture_Sample_A20","A20",1,0.33,0.33,0.33,30,"0.33_0.33_0.33"
"CelSeq2_Mixture_Sample_A21","A21",1,0.33,0.33,0.33,30,"0.33_0.33_0.33"
"CelSeq2_Mixture_Sample_A22","A22",1,0.33,0.33,0.33,30,"0.33_0.33_0.33"
"CelSeq2_Mixture_Sample_A23","A23",1,0.33,0.33,0.33,30,"0.33_0.33_0.33"
"CelSeq2_Mixture_Sample_A24","A24",1,0.33,0.33,0.33,30,"0.33_0.33_0.33"
"CelSeq2_Mixture_Sample_B1","B1",1,0.33,0.33,0.33,3.75,"0.33_0.33_0.33"
"CelSeq2_Mixture_Sample_B2","B2",1,0.33,0.33,0.33,3.75,"0.33_0.33_0.33"
"CelSeq2_Mixture_Sample_B3","B3",1,0.33,0.33,0.33,3.75,"0.33_0.33_0.33"
"CelSeq2_Mixture_Sample_B4","B4",1,0.33,0.33,0.33,7.5,"0.33_0.33_0.33"
"CelSeq2_Mixture_Sample_B5","B5",1,0.33,0.33,0.33,7.5,"0.33_0.33_0.33"
"CelSeq2_Mixture_Sample_B6","B6",1,0.33,0.33,0.33,7.5,"0.33_0.33_0.33"
"CelSeq2_Mixture_Sample_B7","B7",1,0.33,0.33,0.33,7.5,"0.33_0.33_0.33"
"CelSeq2_Mixture_Sample_B8","B8",1,0.33,0.33,0.33,7.5,"0.33_0.33_0.33"
"CelSeq2_Mixture_Sample_B9","B9",1,0.33,0.33,0.33,7.5,"0.33_0.33_0.33"
"CelSeq2_Mixture_Sample_B10","B10",1,0.33,0.33,0.33,7.5,"0.33_0.33_0.33"
"CelSeq2_Mixture_Sample_B11","B11",1,0.33,0.33,0.33,15,"0.33_0.33_0.33"
"CelSeq2_Mixture_Sample_B12","B12",1,0.33,0.33,0.33,15,"0.33_0.33_0.33"
"CelSeq2_Mixture_Sample_B13","B13",1,0.33,0.33,0.33,15,"0.33_0.33_0.33"
"CelSeq2_Mixture_Sample_B14","B14",1,0.33,0.33,0.33,15,"0.33_0.33_0.33"
"CelSeq2_Mixture_Sample_B15","B15",1,0.33,0.33,0.33,15,"0.33_0.33_0.33"
"CelSeq2_Mixture_Sample_B16","B16",1,0.33,0.33,0.33,15,"0.33_0.33_0.33"
"CelSeq2_Mixture_Sample_B17","B17",1,0.33,0.33,0.33,15,"0.33_0.33_0.33"
"CelSeq2_Mixture_Sample_B18","B18",1,0.33,0.33,0.33,30,"0.33_0.33_0.33"
"CelSeq2_Mixture_Sample_B19","B19",1,0.33,0.33,0.33,30,"0.33_0.33_0.33"
"CelSeq2_Mixture_Sample_B20","B20",1,0.33,0.33,0.33,30,"0.33_0.33_0.33"
"CelSeq2_Mixture_Sample_B21","B21",1,0.33,0.33,0.33,30,"0.33_0.33_0.33"
"CelSeq2_Mixture_Sample_B22","B22",1,0.33,0.33,0.33,30,"0.33_0.33_0.33"
"CelSeq2_Mixture_Sample_B23","B23",1,0.33,0.33,0.33,30,"0.33_0.33_0.33"
"CelSeq2_Mixture_Sample_B24","B24",1,0.33,0.33,0.33,30,"0.33_0.33_0.33"
"CelSeq2_Mixture_Sample_C1","C1",2,0.33,0.33,0.33,3.75,"0.33_0.33_0.33"
"CelSeq2_Mixture_Sample_C2","C2",2,0.33,0.33,0.33,3.75,"0.33_0.33_0.33"
"CelSeq2_Mixture_Sample_C3","C3",2,0.33,0.33,0.33,3.75,"0.33_0.33_0.33"
"CelSeq2_Mixture_Sample_C4","C4",2,0.33,0.33,0.33,7.5,"0.33_0.33_0.33"
"CelSeq2_Mixture_Sample_C5","C5",2,0.33,0.33,0.33,7.5,"0.33_0.33_0.33"
"CelSeq2_Mixture_Sample_C6","C6",2,0.33,0.33,0.33,7.5,"0.33_0.33_0.33"
"CelSeq2_Mixture_Sample_C7","C7",2,0.33,0.33,0.33,7.5,"0.33_0.33_0.33"
"CelSeq2_Mixture_Sample_C8","C8",2,0.33,0.33,0.33,7.5,"0.33_0.33_0.33"
"CelSeq2_Mixture_Sample_C9","C9",2,0.33,0.33,0.33,7.5,"0.33_0.33_0.33"
"CelSeq2_Mixture_Sample_C10","C10",2,0.33,0.33,0.33,7.5,"0.33_0.33_0.33"
"CelSeq2_Mixture_Sample_C11","C11",2,0.33,0.33,0.33,15,"0.33_0.33_0.33"
"CelSeq2_Mixture_Sample_C12","C12",2,0.33,0.33,0.33,15,"0.33_0.33_0.33"
"CelSeq2_Mixture_Sample_C13","C13",2,0.33,0.33,0.33,15,"0.33_0.33_0.33"
"CelSeq2_Mixture_Sample_C14","C14",2,0.33,0.33,0.33,15,"0.33_0.33_0.33"
"CelSeq2_Mixture_Sample_C15","C15",2,0.33,0.33,0.33,15,"0.33_0.33_0.33"
"CelSeq2_Mixture_Sample_C16","C16",2,0.33,0.33,0.33,15,"0.33_0.33_0.33"
"CelSeq2_Mixture_Sample_C17","C17",2,0.33,0.33,0.33,15,"0.33_0.33_0.33"
"CelSeq2_Mixture_Sample_C18","C18",2,0.33,0.33,0.33,30,"0.33_0.33_0.33"
"CelSeq2_Mixture_Sample_C19","C19",2,0.33,0.33,0.33,30,"0.33_0.33_0.33"
"CelSeq2_Mixture_Sample_C20","C20",2,0.33,0.33,0.33,30,"0.33_0.33_0.33"
"CelSeq2_Mixture_Sample_C21","C21",2,0.33,0.33,0.33,30,"0.33_0.33_0.33"
"CelSeq2_Mixture_Sample_C22","C22",2,0.33,0.33,0.33,30,"0.33_0.33_0.33"
"CelSeq2_Mixture_Sample_C23","C23",2,0.33,0.33,0.33,30,"0.33_0.33_0.33"
"CelSeq2_Mixture_Sample_C24","C24",2,0.33,0.33,0.33,30,"0.33_0.33_0.33"
"CelSeq2_Mixture_Sample_D1","D1",2,0.33,0.33,0.33,3.75,"0.33_0.33_0.33"
"CelSeq2_Mixture_Sample_D2","D2",2,0.33,0.33,0.33,3.75,"0.33_0.33_0.33"
"CelSeq2_Mixture_Sample_D3","D3",2,0.33,0.33,0.33,3.75,"0.33_0.33_0.33"
"CelSeq2_Mixture_Sample_D4","D4",2,0.33,0.33,0.33,7.5,"0.33_0.33_0.33"
"CelSeq2_Mixture_Sample_D5","D5",2,0.33,0.33,0.33,7.5,"0.33_0.33_0.33"
"CelSeq2_Mixture_Sample_D6","D6",2,0.33,0.33,0.33,7.5,"0.33_0.33_0.33"
"CelSeq2_Mixture_Sample_D7","D7",2,0.33,0.33,0.33,7.5,"0.33_0.33_0.33"
"CelSeq2_Mixture_Sample_D8","D8",2,0.33,0.33,0.33,7.5,"0.33_0.33_0.33"
"CelSeq2_Mixture_Sample_D9","D9",2,0.33,0.33,0.33,7.5,"0.33_0.33_0.33"
"CelSeq2_Mixture_Sample_D10","D10",2,0.33,0.33,0.33,7.5,"0.33_0.33_0.33"
"CelSeq2_Mixture_Sample_D11","D11",2,0.33,0.33,0.33,15,"0.33_0.33_0.33"
"CelSeq2_Mixture_Sample_D12","D12",2,0.33,0.33,0.33,15,"0.33_0.33_0.33"
"CelSeq2_Mixture_Sample_D13","D13",2,0.33,0.33,0.33,15,"0.33_0.33_0.33"
"CelSeq2_Mixture_Sample_D14","D14",2,0.33,0.33,0.33,15,"0.33_0.33_0.33"
"CelSeq2_Mixture_Sample_D15","D15",2,0.33,0.33,0.33,15,"0.33_0.33_0.33"
"CelSeq2_Mixture_Sample_D16","D16",2,0.33,0.33,0.33,15,"0.33_0.33_0.33"
"CelSeq2_Mixture_Sample_D17","D17",2,0.33,0.33,0.33,15,"0.33_0.33_0.33"
"CelSeq2_Mixture_Sample_D18","D18",2,0.33,0.33,0.33,30,"0.33_0.33_0.33"
"CelSeq2_Mixture_Sample_D19","D19",2,0.33,0.33,0.33,30,"0.33_0.33_0.33"
"CelSeq2_Mixture_Sample_D20","D20",2,0.33,0.33,0.33,30,"0.33_0.33_0.33"
"CelSeq2_Mixture_Sample_D21","D21",2,0.33,0.33,0.33,30,"0.33_0.33_0.33"
"CelSeq2_Mixture_Sample_D22","D22",2,0.33,0.33,0.33,30,"0.33_0.33_0.33"
"CelSeq2_Mixture_Sample_D23","D23",2,0.33,0.33,0.33,30,"0.33_0.33_0.33"
"CelSeq2_Mixture_Sample_D24","D24",2,0.33,0.33,0.33,30,"0.33_0.33_0.33"
"CelSeq2_Mixture_Sample_E1","E1",3,1,0,0,3.75,"1_0_0"
"CelSeq2_Mixture_Sample_E2","E2",3,1,0,0,3.75,"1_0_0"
"CelSeq2_Mixture_Sample_E3","E3",3,1,0,0,3.75,"1_0_0"
"CelSeq2_Mixture_Sample_E4","E4",3,1,0,0,7.5,"1_0_0"
"CelSeq2_Mixture_Sample_E5","E5",3,1,0,0,7.5,"1_0_0"
"CelSeq2_Mixture_Sample_E6","E6",3,1,0,0,7.5,"1_0_0"
"CelSeq2_Mixture_Sample_E7","E7",3,1,0,0,7.5,"1_0_0"
"CelSeq2_Mixture_Sample_E8","E8",3,1,0,0,7.5,"1_0_0"
"CelSeq2_Mixture_Sample_E9","E9",3,1,0,0,7.5,"1_0_0"
"CelSeq2_Mixture_Sample_E10","E10",3,1,0,0,7.5,"1_0_0"
"CelSeq2_Mixture_Sample_E11","E11",3,1,0,0,15,"1_0_0"
"CelSeq2_Mixture_Sample_E12","E12",3,1,0,0,15,"1_0_0"
"CelSeq2_Mixture_Sample_E13","E13",3,1,0,0,15,"1_0_0"
"CelSeq2_Mixture_Sample_E14","E14",3,1,0,0,15,"1_0_0"
"CelSeq2_Mixture_Sample_E15","E15",3,1,0,0,15,"1_0_0"
"CelSeq2_Mixture_Sample_E16","E16",3,1,0,0,15,"1_0_0"
"CelSeq2_Mixture_Sample_E17","E17",3,1,0,0,15,"1_0_0"
"CelSeq2_Mixture_Sample_E18","E18",3,1,0,0,30,"1_0_0"
"CelSeq2_Mixture_Sample_E19","E19",3,1,0,0,30,"1_0_0"
"CelSeq2_Mixture_Sample_E20","E20",3,1,0,0,30,"1_0_0"
"CelSeq2_Mixture_Sample_E21","E21",3,1,0,0,30,"1_0_0"
"CelSeq2_Mixture_Sample_E22","E22",3,1,0,0,30,"1_0_0"
"CelSeq2_Mixture_Sample_E23","E23",3,1,0,0,30,"1_0_0"
"CelSeq2_Mixture_Sample_E24","E24",3,1,0,0,30,"1_0_0"
"CelSeq2_Mixture_Sample_F1","F1",3,1,0,0,3.75,"1_0_0"
"CelSeq2_Mixture_Sample_F2","F2",3,1,0,0,3.75,"1_0_0"
"CelSeq2_Mixture_Sample_F3","F3",3,1,0,0,3.75,"1_0_0"
"CelSeq2_Mixture_Sample_F4","F4",3,1,0,0,7.5,"1_0_0"
"CelSeq2_Mixture_Sample_F5","F5",3,1,0,0,7.5,"1_0_0"
"CelSeq2_Mixture_Sample_F6","F6",3,1,0,0,7.5,"1_0_0"
"CelSeq2_Mixture_Sample_F7","F7",3,1,0,0,7.5,"1_0_0"
"CelSeq2_Mixture_Sample_F8","F8",3,1,0,0,7.5,"1_0_0"
"CelSeq2_Mixture_Sample_F9","F9",3,1,0,0,7.5,"1_0_0"
"CelSeq2_Mixture_Sample_F10","F10",3,1,0,0,7.5,"1_0_0"
"CelSeq2_Mixture_Sample_F11","F11",3,1,0,0,15,"1_0_0"
"CelSeq2_Mixture_Sample_F12","F12",3,1,0,0,15,"1_0_0"
"CelSeq2_Mixture_Sample_F13","F13",3,1,0,0,15,"1_0_0"
"CelSeq2_Mixture_Sample_F14","F14",3,1,0,0,15,"1_0_0"
"CelSeq2_Mixture_Sample_F15","F15",3,1,0,0,15,"1_0_0"
"CelSeq2_Mixture_Sample_F16","F16",3,1,0,0,15,"1_0_0"
"CelSeq2_Mixture_Sample_F17","F17",3,1,0,0,15,"1_0_0"
"CelSeq2_Mixture_Sample_F18","F18",3,1,0,0,30,"1_0_0"
"CelSeq2_Mixture_Sample_F19","F19",3,1,0,0,30,"1_0_0"
"CelSeq2_Mixture_Sample_F20","F20",3,1,0,0,30,"1_0_0"
"CelSeq2_Mixture_Sample_F21","F21",3,1,0,0,30,"1_0_0"
"CelSeq2_Mixture_Sample_F22","F22",3,1,0,0,30,"1_0_0"
"CelSeq2_Mixture_Sample_F23","F23",3,1,0,0,30,"1_0_0"
"CelSeq2_Mixture_Sample_F24","F24",3,1,0,0,30,"1_0_0"
"CelSeq2_Mixture_Sample_G1","G1",4,0,1,0,3.75,"0_1_0"
"CelSeq2_Mixture_Sample_G2","G2",4,0,1,0,3.75,"0_1_0"
"CelSeq2_Mixture_Sample_G3","G3",4,0,1,0,3.75,"0_1_0"
"CelSeq2_Mixture_Sample_G4","G4",4,0,1,0,7.5,"0_1_0"
"CelSeq2_Mixture_Sample_G5","G5",4,0,1,0,7.5,"0_1_0"
"CelSeq2_Mixture_Sample_G6","G6",4,0,1,0,7.5,"0_1_0"
"CelSeq2_Mixture_Sample_G7","G7",4,0,1,0,7.5,"0_1_0"
"CelSeq2_Mixture_Sample_G8","G8",4,0,1,0,7.5,"0_1_0"
"CelSeq2_Mixture_Sample_G9","G9",4,0,1,0,7.5,"0_1_0"
"CelSeq2_Mixture_Sample_G10","G10",4,0,1,0,7.5,"0_1_0"
"CelSeq2_Mixture_Sample_G11","G11",4,0,1,0,15,"0_1_0"
"CelSeq2_Mixture_Sample_G12","G12",4,0,1,0,15,"0_1_0"
"CelSeq2_Mixture_Sample_G13","G13",4,0,1,0,15,"0_1_0"
"CelSeq2_Mixture_Sample_G14","G14",4,0,1,0,15,"0_1_0"
"CelSeq2_Mixture_Sample_G15","G15",4,0,1,0,15,"0_1_0"
"CelSeq2_Mixture_Sample_G16","G16",4,0,1,0,15,"0_1_0"
"CelSeq2_Mixture_Sample_G17","G17",4,0,1,0,15,"0_1_0"
"CelSeq2_Mixture_Sample_G18","G18",4,0,1,0,30,"0_1_0"
"CelSeq2_Mixture_Sample_G19","G19",4,0,1,0,30,"0_1_0"
"CelSeq2_Mixture_Sample_G20","G20",4,0,1,0,30,"0_1_0"
"CelSeq2_Mixture_Sample_G21","G21",4,0,1,0,30,"0_1_0"
"CelSeq2_Mixture_Sample_G22","G22",4,0,1,0,30,"0_1_0"
"CelSeq2_Mixture_Sample_G23","G23",4,0,1,0,30,"0_1_0"
"CelSeq2_Mixture_Sample_G24","G24",4,0,1,0,30,"0_1_0"
"CelSeq2_Mixture_Sample_H1","H1",4,0,1,0,3.75,"0_1_0"
"CelSeq2_Mixture_Sample_H2","H2",4,0,1,0,3.75,"0_1_0"
"CelSeq2_Mixture_Sample_H3","H3",4,0,1,0,3.75,"0_1_0"
"CelSeq2_Mixture_Sample_H4","H4",4,0,1,0,7.5,"0_1_0"
"CelSeq2_Mixture_Sample_H5","H5",4,0,1,0,7.5,"0_1_0"
"CelSeq2_Mixture_Sample_H6","H6",4,0,1,0,7.5,"0_1_0"
"CelSeq2_Mixture_Sample_H7","H7",4,0,1,0,7.5,"0_1_0"
"CelSeq2_Mixture_Sample_H8","H8",4,0,1,0,7.5,"0_1_0"
"CelSeq2_Mixture_Sample_H9","H9",4,0,1,0,7.5,"0_1_0"
"CelSeq2_Mixture_Sample_H10","H10",4,0,1,0,7.5,"0_1_0"
"CelSeq2_Mixture_Sample_H11","H11",4,0,1,0,15,"0_1_0"
"CelSeq2_Mixture_Sample_H12","H12",4,0,1,0,15,"0_1_0"
"CelSeq2_Mixture_Sample_H13","H13",4,0,1,0,15,"0_1_0"
"CelSeq2_Mixture_Sample_H14","H14",4,0,1,0,15,"0_1_0"
"CelSeq2_Mixture_Sample_H15","H15",4,0,1,0,15,"0_1_0"
"CelSeq2_Mixture_Sample_H16","H16",4,0,1,0,15,"0_1_0"
"CelSeq2_Mixture_Sample_H17","H17",4,0,1,0,15,"0_1_0"
"CelSeq2_Mixture_Sample_H18","H18",4,0,1,0,30,"0_1_0"
"CelSeq2_Mixture_Sample_H19","H19",4,0,1,0,30,"0_1_0"
"CelSeq2_Mixture_Sample_H20","H20",4,0,1,0,30,"0_1_0"
"CelSeq2_Mixture_Sample_H21","H21",4,0,1,0,30,"0_1_0"
"CelSeq2_Mixture_Sample_H22","H22",4,0,1,0,30,"0_1_0"
"CelSeq2_Mixture_Sample_H23","H23",4,0,1,0,30,"0_1_0"
"CelSeq2_Mixture_Sample_H24","H24",4,0,1,0,30,"0_1_0"
"CelSeq2_Mixture_Sample_I1","I1",5,0,0,1,3.75,"0_0_1"
"CelSeq2_Mixture_Sample_I2","I2",5,0,0,1,3.75,"0_0_1"
"CelSeq2_Mixture_Sample_I3","I3",5,0,0,1,3.75,"0_0_1"
"CelSeq2_Mixture_Sample_I4","I4",5,0,0,1,7.5,"0_0_1"
"CelSeq2_Mixture_Sample_I5","I5",5,0,0,1,7.5,"0_0_1"
"CelSeq2_Mixture_Sample_I6","I6",5,0,0,1,7.5,"0_0_1"
"CelSeq2_Mixture_Sample_I7","I7",5,0,0,1,7.5,"0_0_1"
"CelSeq2_Mixture_Sample_I8","I8",5,0,0,1,7.5,"0_0_1"
"CelSeq2_Mixture_Sample_I9","I9",5,0,0,1,7.5,"0_0_1"
"CelSeq2_Mixture_Sample_I10","I10",5,0,0,1,7.5,"0_0_1"
"CelSeq2_Mixture_Sample_I11","I11",5,0,0,1,15,"0_0_1"
"CelSeq2_Mixture_Sample_I12","I12",5,0,0,1,15,"0_0_1"
"CelSeq2_Mixture_Sample_I13","I13",5,0,0,1,15,"0_0_1"
"CelSeq2_Mixture_Sample_I14","I14",5,0,0,1,15,"0_0_1"
"CelSeq2_Mixture_Sample_I15","I15",5,0,0,1,15,"0_0_1"
"CelSeq2_Mixture_Sample_I16","I16",5,0,0,1,15,"0_0_1"
"CelSeq2_Mixture_Sample_I17","I17",5,0,0,1,15,"0_0_1"
"CelSeq2_Mixture_Sample_I18","I18",5,0,0,1,30,"0_0_1"
"CelSeq2_Mixture_Sample_I19","I19",5,0,0,1,30,"0_0_1"
"CelSeq2_Mixture_Sample_I20","I20",5,0,0,1,30,"0_0_1"
"CelSeq2_Mixture_Sample_I21","I21",5,0,0,1,30,"0_0_1"
"CelSeq2_Mixture_Sample_I22","I22",5,0,0,1,30,"0_0_1"
"CelSeq2_Mixture_Sample_I23","I23",5,0,0,1,30,"0_0_1"
"CelSeq2_Mixture_Sample_I24","I24",5,0,0,1,30,"0_0_1"
"CelSeq2_Mixture_Sample_J1","J1",5,0,0,1,3.75,"0_0_1"
"CelSeq2_Mixture_Sample_J2","J2",5,0,0,1,3.75,"0_0_1"
"CelSeq2_Mixture_Sample_J3","J3",5,0,0,1,3.75,"0_0_1"
"CelSeq2_Mixture_Sample_J4","J4",5,0,0,1,7.5,"0_0_1"
"CelSeq2_Mixture_Sample_J5","J5",5,0,0,1,7.5,"0_0_1"
"CelSeq2_Mixture_Sample_J6","J6",5,0,0,1,7.5,"0_0_1"
"CelSeq2_Mixture_Sample_J7","J7",5,0,0,1,7.5,"0_0_1"
"CelSeq2_Mixture_Sample_J8","J8",5,0,0,1,7.5,"0_0_1"
"CelSeq2_Mixture_Sample_J9","J9",5,0,0,1,7.5,"0_0_1"
"CelSeq2_Mixture_Sample_J10","J10",5,0,0,1,7.5,"0_0_1"
"CelSeq2_Mixture_Sample_J11","J11",5,0,0,1,15,"0_0_1"
"CelSeq2_Mixture_Sample_J12","J12",5,0,0,1,15,"0_0_1"
"CelSeq2_Mixture_Sample_J13","J13",5,0,0,1,15,"0_0_1"
"CelSeq2_Mixture_Sample_J14","J14",5,0,0,1,15,"0_0_1"
"CelSeq2_Mixture_Sample_J15","J15",5,0,0,1,15,"0_0_1"
"CelSeq2_Mixture_Sample_J16","J16",5,0,0,1,15,"0_0_1"
"CelSeq2_Mixture_Sample_J17","J17",5,0,0,1,15,"0_0_1"
"CelSeq2_Mixture_Sample_J18","J18",5,0,0,1,30,"0_0_1"
"CelSeq2_Mixture_Sample_J19","J19",5,0,0,1,30,"0_0_1"
"CelSeq2_Mixture_Sample_J20","J20",5,0,0,1,30,"0_0_1"
"CelSeq2_Mixture_Sample_J21","J21",5,0,0,1,30,"0_0_1"
"CelSeq2_Mixture_Sample_J22","J22",5,0,0,1,30,"0_0_1"
"CelSeq2_Mixture_Sample_J23","J23",5,0,0,1,30,"0_0_1"
"CelSeq2_Mixture_Sample_J24","J24",5,0,0,1,30,"0_0_1"
"CelSeq2_Mixture_Sample_K1","K1",6,0.68,0.16,0.16,3.75,"0.68_0.16_0.16"
"CelSeq2_Mixture_Sample_K2","K2",6,0.68,0.16,0.16,3.75,"0.68_0.16_0.16"
"CelSeq2_Mixture_Sample_K3","K3",6,0.68,0.16,0.16,3.75,"0.68_0.16_0.16"
"CelSeq2_Mixture_Sample_K4","K4",6,0.68,0.16,0.16,7.5,"0.68_0.16_0.16"
"CelSeq2_Mixture_Sample_K5","K5",6,0.68,0.16,0.16,7.5,"0.68_0.16_0.16"
"CelSeq2_Mixture_Sample_K6","K6",6,0.68,0.16,0.16,7.5,"0.68_0.16_0.16"
"CelSeq2_Mixture_Sample_K7","K7",6,0.68,0.16,0.16,7.5,"0.68_0.16_0.16"
"CelSeq2_Mixture_Sample_K8","K8",6,0.68,0.16,0.16,7.5,"0.68_0.16_0.16"
"CelSeq2_Mixture_Sample_K9","K9",6,0.68,0.16,0.16,7.5,"0.68_0.16_0.16"
"CelSeq2_Mixture_Sample_K10","K10",6,0.68,0.16,0.16,7.5,"0.68_0.16_0.16"
"CelSeq2_Mixture_Sample_K11","K11",6,0.68,0.16,0.16,15,"0.68_0.16_0.16"
"CelSeq2_Mixture_Sample_K12","K12",6,0.68,0.16,0.16,15,"0.68_0.16_0.16"
"CelSeq2_Mixture_Sample_K13","K13",6,0.68,0.16,0.16,15,"0.68_0.16_0.16"
"CelSeq2_Mixture_Sample_K14","K14",6,0.68,0.16,0.16,15,"0.68_0.16_0.16"
"CelSeq2_Mixture_Sample_K15","K15",6,0.68,0.16,0.16,15,"0.68_0.16_0.16"
"CelSeq2_Mixture_Sample_K16","K16",6,0.68,0.16,0.16,15,"0.68_0.16_0.16"
"CelSeq2_Mixture_Sample_K17","K17",6,0.68,0.16,0.16,15,"0.68_0.16_0.16"
"CelSeq2_Mixture_Sample_K18","K18",6,0.68,0.16,0.16,30,"0.68_0.16_0.16"
"CelSeq2_Mixture_Sample_K19","K19",6,0.68,0.16,0.16,30,"0.68_0.16_0.16"
"CelSeq2_Mixture_Sample_K20","K20",6,0.68,0.16,0.16,30,"0.68_0.16_0.16"
"CelSeq2_Mixture_Sample_K21","K21",6,0.68,0.16,0.16,30,"0.68_0.16_0.16"
"CelSeq2_Mixture_Sample_K22","K22",6,0.68,0.16,0.16,30,"0.68_0.16_0.16"
"CelSeq2_Mixture_Sample_K23","K23",6,0.68,0.16,0.16,30,"0.68_0.16_0.16"
"CelSeq2_Mixture_Sample_K24","K24",6,0.68,0.16,0.16,30,"0.68_0.16_0.16"
"CelSeq2_Mixture_Sample_L1","L1",6,0.68,0.16,0.16,3.75,"0.68_0.16_0.16"
"CelSeq2_Mixture_Sample_L2","L2",6,0.68,0.16,0.16,3.75,"0.68_0.16_0.16"
"CelSeq2_Mixture_Sample_L3","L3",6,0.68,0.16,0.16,3.75,"0.68_0.16_0.16"
"CelSeq2_Mixture_Sample_L4","L4",6,0.68,0.16,0.16,7.5,"0.68_0.16_0.16"
"CelSeq2_Mixture_Sample_L5","L5",6,0.68,0.16,0.16,7.5,"0.68_0.16_0.16"
"CelSeq2_Mixture_Sample_L6","L6",6,0.68,0.16,0.16,7.5,"0.68_0.16_0.16"
"CelSeq2_Mixture_Sample_L7","L7",6,0.68,0.16,0.16,7.5,"0.68_0.16_0.16"
"CelSeq2_Mixture_Sample_L8","L8",6,0.68,0.16,0.16,7.5,"0.68_0.16_0.16"
"CelSeq2_Mixture_Sample_L9","L9",6,0.68,0.16,0.16,7.5,"0.68_0.16_0.16"
"CelSeq2_Mixture_Sample_L10","L10",6,0.68,0.16,0.16,7.5,"0.68_0.16_0.16"
"CelSeq2_Mixture_Sample_L11","L11",6,0.68,0.16,0.16,15,"0.68_0.16_0.16"
"CelSeq2_Mixture_Sample_L12","L12",6,0.68,0.16,0.16,15,"0.68_0.16_0.16"
"CelSeq2_Mixture_Sample_L13","L13",6,0.68,0.16,0.16,15,"0.68_0.16_0.16"
"CelSeq2_Mixture_Sample_L14","L14",6,0.68,0.16,0.16,15,"0.68_0.16_0.16"
"CelSeq2_Mixture_Sample_L15","L15",6,0.68,0.16,0.16,15,"0.68_0.16_0.16"
"CelSeq2_Mixture_Sample_L16","L16",6,0.68,0.16,0.16,15,"0.68_0.16_0.16"
"CelSeq2_Mixture_Sample_L17","L17",6,0.68,0.16,0.16,15,"0.68_0.16_0.16"
"CelSeq2_Mixture_Sample_L18","L18",6,0.68,0.16,0.16,30,"0.68_0.16_0.16"
"CelSeq2_Mixture_Sample_L19","L19",6,0.68,0.16,0.16,30,"0.68_0.16_0.16"
"CelSeq2_Mixture_Sample_L20","L20",6,0.68,0.16,0.16,30,"0.68_0.16_0.16"
"CelSeq2_Mixture_Sample_L21","L21",6,0.68,0.16,0.16,30,"0.68_0.16_0.16"
"CelSeq2_Mixture_Sample_L22","L22",6,0.68,0.16,0.16,30,"0.68_0.16_0.16"
"CelSeq2_Mixture_Sample_L23","L23",6,0.68,0.16,0.16,30,"0.68_0.16_0.16"
"CelSeq2_Mixture_Sample_L24","L24",6,0.68,0.16,0.16,30,"0.68_0.16_0.16"
"CelSeq2_Mixture_Sample_M1","M1",7,0.16,0.68,0.16,3.75,"0.16_0.68_0.16"
"CelSeq2_Mixture_Sample_M2","M2",7,0.16,0.68,0.16,3.75,"0.16_0.68_0.16"
"CelSeq2_Mixture_Sample_M3","M3",7,0.16,0.68,0.16,3.75,"0.16_0.68_0.16"
"CelSeq2_Mixture_Sample_M4","M4",7,0.16,0.68,0.16,7.5,"0.16_0.68_0.16"
"CelSeq2_Mixture_Sample_M5","M5",7,0.16,0.68,0.16,7.5,"0.16_0.68_0.16"
"CelSeq2_Mixture_Sample_M6","M6",7,0.16,0.68,0.16,7.5,"0.16_0.68_0.16"
"CelSeq2_Mixture_Sample_M7","M7",7,0.16,0.68,0.16,7.5,"0.16_0.68_0.16"
"CelSeq2_Mixture_Sample_M8","M8",7,0.16,0.68,0.16,7.5,"0.16_0.68_0.16"
"CelSeq2_Mixture_Sample_M9","M9",7,0.16,0.68,0.16,7.5,"0.16_0.68_0.16"
"CelSeq2_Mixture_Sample_M10","M10",7,0.16,0.68,0.16,7.5,"0.16_0.68_0.16"
"CelSeq2_Mixture_Sample_M11","M11",7,0.16,0.68,0.16,15,"0.16_0.68_0.16"
"CelSeq2_Mixture_Sample_M12","M12",7,0.16,0.68,0.16,15,"0.16_0.68_0.16"
"CelSeq2_Mixture_Sample_M13","M13",7,0.16,0.68,0.16,15,"0.16_0.68_0.16"
"CelSeq2_Mixture_Sample_M14","M14",7,0.16,0.68,0.16,15,"0.16_0.68_0.16"
"CelSeq2_Mixture_Sample_M15","M15",7,0.16,0.68,0.16,15,"0.16_0.68_0.16"
"CelSeq2_Mixture_Sample_M16","M16",7,0.16,0.68,0.16,15,"0.16_0.68_0.16"
"CelSeq2_Mixture_Sample_M17","M17",7,0.16,0.68,0.16,15,"0.16_0.68_0.16"
"CelSeq2_Mixture_Sample_M18","M18",7,0.16,0.68,0.16,30,"0.16_0.68_0.16"
"CelSeq2_Mixture_Sample_M19","M19",7,0.16,0.68,0.16,30,"0.16_0.68_0.16"
"CelSeq2_Mixture_Sample_M20","M20",7,0.16,0.68,0.16,30,"0.16_0.68_0.16"
"CelSeq2_Mixture_Sample_M21","M21",7,0.16,0.68,0.16,30,"0.16_0.68_0.16"
"CelSeq2_Mixture_Sample_M22","M22",7,0.16,0.68,0.16,30,"0.16_0.68_0.16"
"CelSeq2_Mixture_Sample_M23","M23",7,0.16,0.68,0.16,30,"0.16_0.68_0.16"
"CelSeq2_Mixture_Sample_M24","M24",7,0.16,0.68,0.16,30,"0.16_0.68_0.16"
"CelSeq2_Mixture_Sample_N1","N1",7,0.16,0.68,0.16,3.75,"0.16_0.68_0.16"
"CelSeq2_Mixture_Sample_N2","N2",7,0.16,0.68,0.16,3.75,"0.16_0.68_0.16"
"CelSeq2_Mixture_Sample_N3","N3",7,0.16,0.68,0.16,3.75,"0.16_0.68_0.16"
"CelSeq2_Mixture_Sample_N4","N4",7,0.16,0.68,0.16,7.5,"0.16_0.68_0.16"
"CelSeq2_Mixture_Sample_N5","N5",7,0.16,0.68,0.16,7.5,"0.16_0.68_0.16"
"CelSeq2_Mixture_Sample_N6","N6",7,0.16,0.68,0.16,7.5,"0.16_0.68_0.16"
"CelSeq2_Mixture_Sample_N7","N7",7,0.16,0.68,0.16,7.5,"0.16_0.68_0.16"
"CelSeq2_Mixture_Sample_N8","N8",7,0.16,0.68,0.16,7.5,"0.16_0.68_0.16"
"CelSeq2_Mixture_Sample_N9","N9",7,0.16,0.68,0.16,7.5,"0.16_0.68_0.16"
"CelSeq2_Mixture_Sample_N10","N10",7,0.16,0.68,0.16,7.5,"0.16_0.68_0.16"
"CelSeq2_Mixture_Sample_N11","N11",7,0.16,0.68,0.16,15,"0.16_0.68_0.16"
"CelSeq2_Mixture_Sample_N12","N12",7,0.16,0.68,0.16,15,"0.16_0.68_0.16"
"CelSeq2_Mixture_Sample_N13","N13",7,0.16,0.68,0.16,15,"0.16_0.68_0.16"
"CelSeq2_Mixture_Sample_N14","N14",7,0.16,0.68,0.16,15,"0.16_0.68_0.16"
"CelSeq2_Mixture_Sample_N15","N15",7,0.16,0.68,0.16,15,"0.16_0.68_0.16"
"CelSeq2_Mixture_Sample_N16","N16",7,0.16,0.68,0.16,15,"0.16_0.68_0.16"
"CelSeq2_Mixture_Sample_N17","N17",7,0.16,0.68,0.16,15,"0.16_0.68_0.16"
"CelSeq2_Mixture_Sample_N18","N18",7,0.16,0.68,0.16,30,"0.16_0.68_0.16"
"CelSeq2_Mixture_Sample_N19","N19",7,0.16,0.68,0.16,30,"0.16_0.68_0.16"
"CelSeq2_Mixture_Sample_N20","N20",7,0.16,0.68,0.16,30,"0.16_0.68_0.16"
"CelSeq2_Mixture_Sample_N21","N21",7,0.16,0.68,0.16,30,"0.16_0.68_0.16"
"CelSeq2_Mixture_Sample_N22","N22",7,0.16,0.68,0.16,30,"0.16_0.68_0.16"
"CelSeq2_Mixture_Sample_N23","N23",7,0.16,0.68,0.16,30,"0.16_0.68_0.16"
"CelSeq2_Mixture_Sample_N24","N24",7,0.16,0.68,0.16,30,"0.16_0.68_0.16"
"CelSeq2_Mixture_Sample_O1","O1",8,0.16,0.16,0.68,3.75,"0.16_0.16_0.68"
"CelSeq2_Mixture_Sample_O2","O2",8,0.16,0.16,0.68,3.75,"0.16_0.16_0.68"
"CelSeq2_Mixture_Sample_O3","O3",8,0.16,0.16,0.68,3.75,"0.16_0.16_0.68"
"CelSeq2_Mixture_Sample_O4","O4",8,0.16,0.16,0.68,7.5,"0.16_0.16_0.68"
"CelSeq2_Mixture_Sample_O5","O5",8,0.16,0.16,0.68,7.5,"0.16_0.16_0.68"
"CelSeq2_Mixture_Sample_O6","O6",8,0.16,0.16,0.68,7.5,"0.16_0.16_0.68"
"CelSeq2_Mixture_Sample_O7","O7",8,0.16,0.16,0.68,7.5,"0.16_0.16_0.68"
"CelSeq2_Mixture_Sample_O8","O8",8,0.16,0.16,0.68,7.5,"0.16_0.16_0.68"
"CelSeq2_Mixture_Sample_O9","O9",8,0.16,0.16,0.68,7.5,"0.16_0.16_0.68"
"CelSeq2_Mixture_Sample_O10","O10",8,0.16,0.16,0.68,7.5,"0.16_0.16_0.68"
"CelSeq2_Mixture_Sample_O11","O11",8,0.16,0.16,0.68,15,"0.16_0.16_0.68"
"CelSeq2_Mixture_Sample_O12","O12",8,0.16,0.16,0.68,15,"0.16_0.16_0.68"
"CelSeq2_Mixture_Sample_O13","O13",8,0.16,0.16,0.68,15,"0.16_0.16_0.68"
"CelSeq2_Mixture_Sample_O14","O14",8,0.16,0.16,0.68,15,"0.16_0.16_0.68"
"CelSeq2_Mixture_Sample_O15","O15",8,0.16,0.16,0.68,15,"0.16_0.16_0.68"
"CelSeq2_Mixture_Sample_O16","O16",8,0.16,0.16,0.68,15,"0.16_0.16_0.68"
"CelSeq2_Mixture_Sample_O17","O17",8,0.16,0.16,0.68,15,"0.16_0.16_0.68"
"CelSeq2_Mixture_Sample_O18","O18",8,0.16,0.16,0.68,30,"0.16_0.16_0.68"
"CelSeq2_Mixture_Sample_O19","O19",8,0.16,0.16,0.68,30,"0.16_0.16_0.68"
"CelSeq2_Mixture_Sample_O20","O20",8,0.16,0.16,0.68,30,"0.16_0.16_0.68"
"CelSeq2_Mixture_Sample_O21","O21",8,0.16,0.16,0.68,30,"0.16_0.16_0.68"
"CelSeq2_Mixture_Sample_O22","O22",8,0.16,0.16,0.68,30,"0.16_0.16_0.68"
"CelSeq2_Mixture_Sample_O23","O23",8,0.16,0.16,0.68,30,"0.16_0.16_0.68"
"CelSeq2_Mixture_Sample_O24","O24",8,0.16,0.16,0.68,30,"0.16_0.16_0.68"
"CelSeq2_Mixture_Sample_P1","P1",8,0.16,0.16,0.68,3.75,"0.16_0.16_0.68"
"CelSeq2_Mixture_Sample_P2","P2",8,0.16,0.16,0.68,3.75,"0.16_0.16_0.68"
"CelSeq2_Mixture_Sample_P3","P3",8,0.16,0.16,0.68,3.75,"0.16_0.16_0.68"
"CelSeq2_Mixture_Sample_P4","P4",8,0.16,0.16,0.68,7.5,"0.16_0.16_0.68"
"CelSeq2_Mixture_Sample_P5","P5",8,0.16,0.16,0.68,7.5,"0.16_0.16_0.68"
"CelSeq2_Mixture_Sample_P6","P6",8,0.16,0.16,0.68,7.5,"0.16_0.16_0.68"
"CelSeq2_Mixture_Sample_P7","P7",8,0.16,0.16,0.68,7.5,"0.16_0.16_0.68"
"CelSeq2_Mixture_Sample_P8","P8",8,0.16,0.16,0.68,7.5,"0.16_0.16_0.68"
"CelSeq2_Mixture_Sample_P9","P9",8,0.16,0.16,0.68,7.5,"0.16_0.16_0.68"
"CelSeq2_Mixture_Sample_P10","P10",8,0.16,0.16,0.68,7.5,"0.16_0.16_0.68"
"CelSeq2_Mixture_Sample_P11","P11",8,0.16,0.16,0.68,15,"0.16_0.16_0.68"
"CelSeq2_Mixture_Sample_P12","P12",8,0.16,0.16,0.68,15,"0.16_0.16_0.68"
"CelSeq2_Mixture_Sample_P13","P13",8,0.16,0.16,0.68,15,"0.16_0.16_0.68"
"CelSeq2_Mixture_Sample_P14","P14",8,0.16,0.16,0.68,15,"0.16_0.16_0.68"
"CelSeq2_Mixture_Sample_P15","P15",8,0.16,0.16,0.68,15,"0.16_0.16_0.68"
"CelSeq2_Mixture_Sample_P16","P16",8,0.16,0.16,0.68,15,"0.16_0.16_0.68"
"CelSeq2_Mixture_Sample_P17","P17",8,0.16,0.16,0.68,15,"0.16_0.16_0.68"
"CelSeq2_Mixture_Sample_P18","P18",8,0.16,0.16,0.68,30,"0.16_0.16_0.68"
"CelSeq2_Mixture_Sample_P19","P19",8,0.16,0.16,0.68,30,"0.16_0.16_0.68"
"CelSeq2_Mixture_Sample_P20","P20",8,0.16,0.16,0.68,30,"0.16_0.16_0.68"
"CelSeq2_Mixture_Sample_P21","P21",8,0.16,0.16,0.68,30,"0.16_0.16_0.68"
"CelSeq2_Mixture_Sample_P22","P22",8,0.16,0.16,0.68,30,"0.16_0.16_0.68"
"CelSeq2_Mixture_Sample_P23","P23",8,0.16,0.16,0.68,30,"0.16_0.16_0.68"
"CelSeq2_Mixture_Sample_P24","P24",8,0.16,0.16,0.68,30,"0.16_0.16_0.68"
